Configuration,SART_mean,SART_std,Demand (Rounded)_mean,Demand (Rounded)_std,Supply (Rounded)_mean,Supply (Rounded)_std,Understanding (Rounded)_mean,Understanding (Rounded)_std
AA,5.857142857142857,0.6900655593423541,3.0,0.816496580927726,3.7142857142857144,0.7559289460184544,5.142857142857143,0.6900655593423541
AH,5.142857142857143,1.3451854182690985,3.7142857142857144,1.1126972805283735,4.285714285714286,0.7559289460184544,4.571428571428571,1.1338934190276817
HA,4.571428571428571,2.370453040886408,4.142857142857143,1.3451854182690985,4.285714285714286,0.7559289460184543,4.428571428571429,1.2724180205607036
HH,4.857142857142857,2.193062655175134,3.5714285714285716,1.3972762620115438,4.0,0.0,4.428571428571429,1.1338934190276817
